titulo,descripcion,precio,categoria,subcategoria,imagen_url,disponible
Baston de Mano Chispas Frias,"Baston de Mano Chisperío es la fusión perfecta entre diseño innovador y funcionalidad profesional. Esta herramienta no solo garantiza un encendido eléctrico eficaz, sino que también destaca visualmente en cualquier evento o show pirotécnico. Características principales: Pulsador ergonómico: activación cómoda y precisa del disparo eléctrico. Bornera de conexión: permite conectar mechas eléctricas compatibles con total seguridad. Tapa Frontal desmontable: diseñada para dos pilas AA (incluidas), de fácil acceso para su reemplazo. Ideal para: Djs Animadores de eventos. Todo tipo de persona, siguiendo las recomendaciones Chispas compatibles: 2mts x 20seg, 3mts x 30seg, 4mts x 30seg",75000,Chispas Frías,Baston de Mano,https://chisperio.com.ar/wp-content/uploads/2025/10/Diseno-sin-titulo-6-1-600x750.png,
Chispa Fria 2mts x 20seg,"Chispas de Fuego Frio 2mts x 20 seg (Precio Unitario) Seguras y de excelente calidad Ideal para cumpleaños, festejos,casamientos,15 años y todo tipo de eventos! Aptas para uso interior y exterior DURACION: 20 Segundos ALTURA: 2 metros COLOR: Plateado NOTA: Precio de Cartucho de Chispas. NO INCLUYEN conexion. Modo de USO: Empalme de los dos extremos del iniciador con una extension de cable y realizar el contacto con 1 pila 9V o con un Transformador 12v Conexion a Bases Inalambricas a Control Remoto Conexion a Pistola de Chispas/Bastones de Chispa.",6490,Chispas Frías,2x20,https://chisperio.com.ar/wp-content/uploads/2025/10/Diseno-sin-titulo-3-600x750.png,
Chispa Fria 2mts x 20seg con mecha,"Chispas de Fuego Frio 2mts x 20 seg con Mecha (Precio Unitario) Seguras y de excelente calidad Ideal para cumpleaños, festejos,casamientos,15 años y todo tipo de eventos! Aptas para uso interior y exterior DURACION: 20 Segundos ALTURA: 2 metros COLOR: Plateado NOTA: Precio de Cartucho de Chispas. Incluye la mecha para el encendido Modo de USO: Encender la mecha de la chispa fria y Alejarse.",2800,Chispas Frías,2x20,https://chisperio.com.ar/wp-content/uploads/2025/10/Diseno-sin-titulo-2-1-600x750.png,
Chispa Fria 3mts x 30seg,"Chispas de Fuego Frio 3mts x 30 seg (Precio Unitario) Seguras y de excelente calidad Ideal para cumpleaños, festejos,casamientos,15 años y todo tipo de eventos! Aptas para uso interior y exterior DURACION: 30 Segundos ALTURA: 3 metros COLOR: Plateado NOTA: Precio de Cartucho de Chispas. NO INCLUYEN conexion. Modo de USO: Empalme de los dos extremos del iniciador con una extension de cable y realizar el contacto con 1 pila 9V o con un Transformador 12v Conexion a Bases Inalambricas a Control Remoto Conexion a Pistola de Chispas/Bastones de Chispa.",10304,Chispas Frías,3x30,https://chisperio.com.ar/wp-content/uploads/2025/10/Diseno-sin-titulo-4-600x750.png,
Chispa Fria 4mts x 30seg,"Chispas de Fuego Frio 4mts x 30 seg (Precio Unitario) Seguras y de excelente calidad Ideal para cumpleaños, festejos,casamientos,15 años y todo tipo de eventos! Aptas para uso interior y exterior DURACION: 30 Segundos ALTURA: 4 metros COLOR: Plateado NOTA: Precio de Cartucho de Chispas. NO INCLUYEN conexion. Modo de USO: Empalme de los dos extremos del iniciador con una extension de cable y realizar el contacto con 1 pila 9V o con un Transformador 12v Conexion a Bases Inalambricas a Control Remoto Conexion a Pistola de Chispas/Bastones de Chispa.",11760,Chispas Frías,4x30,https://chisperio.com.ar/wp-content/uploads/2025/10/Diseno-sin-titulo-5-600x750.png,
Chispa Fria 5mts x 1seg,"Chispas de Fuego Frio 5mts x 1 seg (Precio Unitario) Seguras y de excelente calidad Ideal para cumpleaños, festejos,casamientos,15 años y todo tipo de eventos! Aptas para uso exterior DURACION: 1 Segundos ALTURA: 5 metros COLOR: Plateado NOTA: Precio de Cartucho de Chispas. NO INCLUYEN conexion. Modo de USO: Empalme de los dos extremos del iniciador con una extension de cable y realizar el contacto con 1 pila 9V o con un Transformador 12v Conexion a Bases Inalambricas a Control Remoto Conexion a Pistola de Chispas/Bastones de Chispa.",10304,Chispas Frías,5x1,https://chisperio.com.ar/wp-content/uploads/2025/10/Diseno-sin-titulo-6-600x750.png,
Kit Detonacion 2 Chispas 2mts x 20seg,"El Kit de Detonación de 2 Chispas 2mts x 20seg: es un conjunto completo y práctico diseñado para el montaje y encendido seguro de fuegos artificiales. Incluye todos los elementos esenciales, ya CONECTADO Y LISTO para su uso. Incluido las 2 chispas. 2 bases de madera, 3mts de cable entre Chispas y 5mts mas hasta el TRANSFORMADOR. Este sistema es ideal tanto para eventos profesionales como celebraciones privadas, ya que facilita la sincronización de varios artefactos pirotécnicos, logrando un espectáculo visual coordinado y de alto impacto. Su diseño simple, funcional y seguro permite una instalación rápida, reduciendo el riesgo y garantizando resultados impresionantes. Perfecto para bodas, aniversarios, shows y festivales, el Kit de Detonación brinda la combinación ideal de seguridad, eficiencia y potencia, asegurando un montaje confiable y un espectáculo inolvidable.",45000,Chispas Frías,2x20,https://chisperio.com.ar/wp-content/uploads/2025/10/Diseno-sin-titulo-3-1-600x750.png,
Kit Detonación 2 Chispas 3mts x 30 segundos,"El Kit de Detonación de 2 Chispas 3mts x 30seg: es un conjunto completo y práctico diseñado para el montaje y encendido seguro de fuegos artificiales. Incluye todos los elementos esenciales PREPARADO Y LISTO PARA EL USO. Incluye las 2 chispas, 2 bases de madera, 3 mts de cable entre chispas y 5mts hasta el TRANSFORMADOR Este sistema es ideal tanto para eventos profesionales como celebraciones privadas, ya que facilita la sincronización de varios artefactos pirotécnicos, logrando un espectáculo visual coordinado y de alto impacto. Su diseño simple, funcional y seguro permite una instalación rápida, reduciendo el riesgo y garantizando resultados impresionantes. Perfecto para bodas, aniversarios, shows y festivales, el Kit de Detonación brinda la combinación ideal de seguridad, eficiencia y potencia, asegurando un montaje confiable y un espectáculo inolvidable.",55000,Chispas Frías,2x20,https://chisperio.com.ar/wp-content/uploads/2025/10/Diseno-sin-titulo-3-1-600x750.png,
Kit Detonación 4 Chispas 2mts x 20 segundos,"El Kit de Detonación de 4 Chispas 2mts x 20seg: es un conjunto completo y práctico diseñado para el montaje y encendido seguro de fuegos artificiales. Incluye todos los elementos esenciales, ya CONECTADO Y LISTO para su uso. Incluido las 4 chispas. 4 bases de madera, 5mts de cable entre Chispas y 5mts mas hasta el TRANSFORMADOR. Este sistema es ideal tanto para eventos profesionales como celebraciones privadas, ya que facilita la sincronización de varios artefactos pirotécnicos, logrando un espectáculo visual coordinado y de alto impacto. Su diseño simple, funcional y seguro permite una instalación rápida, reduciendo el riesgo y garantizando resultados impresionantes. Perfecto para bodas, aniversarios, shows y festivales, el Kit de Detonación brinda la combinación ideal de seguridad, eficiencia y potencia, asegurando un montaje confiable y un espectáculo inolvidable.",80000,Chispas Frías,4x30,https://chisperio.com.ar/wp-content/uploads/2025/10/Diseno-sin-titulo-2-4-600x750.png,
Kit Detonacion 4 Chispas 3mts x 30seg,"El Kit de Detonación de 4 Chispas 3mts x 30seg: es un conjunto completo y práctico diseñado para el montaje y encendido seguro de fuegos artificiales. Incluye todos los elementos esenciales PREPARADO Y LISTO PARA EL USO. Incluye las 2 chispas, 2 bases de madera, 5 mts de cable entre chispas y 5mts hasta el TRANSFORMADOR Este sistema es ideal tanto para eventos profesionales como celebraciones privadas, ya que facilita la sincronización de varios artefactos pirotécnicos, logrando un espectáculo visual coordinado y de alto impacto. Su diseño simple, funcional y seguro permite una instalación rápida, reduciendo el riesgo y garantizando resultados impresionantes. Perfecto para bodas, aniversarios, shows y festivales, el Kit de Detonación brinda la combinación ideal de seguridad, eficiencia y potencia, asegurando un montaje confiable y un espectáculo inolvidable.",90000,Chispas Frías,3x30,https://chisperio.com.ar/wp-content/uploads/2025/10/Diseno-sin-titulo-4-2-600x750.png,
Torta «Arcoiris» 42 Luces,"TORTA 42 TIROS ARCOIRIS El precio es por una Torta Arcoiris 42 luces INSTRUCCIONES DE USO: Apoyar en el suelo firme, lejos de personas y/o bienes, mínimo 15 metros. Utilizar en lugares abiertos, libres de árboles y cables. Asegurar y fijar la base. Encender la mecha y alejarse rapidamente.",68000,Fuegos Artificiales,,https://chisperio.com.ar/wp-content/uploads/2025/10/Diseno-sin-titulo-600x750.png,
Torta «Bolt» 9 Luces,"TORTA 9 TIROS BOLT El precio es por una Torta Bolt 9 luces. INSTRUCCIONES DE USO: Apoyar en el suelo firme, lejos de personas y/o bienes, mínimo 15 metros. Utilizar en lugares abiertos, libres de árboles y cables. Asegurar y fijar la base. Encender la mecha y alejarse rapidamente.",18000,Fuegos Artificiales,,https://chisperio.com.ar/wp-content/uploads/2025/10/bolt-600x750.png,
Torta «Happy» 16 Luces,"TORTA 16 TIROS HAPPY El precio es por una Torta happy 16 luces. INSTRUCCIONES DE USO: Apoyar en el suelo firme, lejos de personas y/o bienes, mínimo 15 metros. Utilizar en lugares abiertos, libres de árboles y cables. Asegurar y fijar la base. Encender la mecha y alejarse rapidamente.",32000,Fuegos Artificiales,,https://chisperio.com.ar/wp-content/uploads/2025/10/16-tiros-600x750.png,
Torta «Pixel» 25 Luces,"TORTA 25 TIROS PIXEL El precio es por una Torta 25 Tiros Pixel INSTRUCCIONES DE USO: Apoyar en el suelo firme, lejos de personas y/o bienes, mínimo 15 metros. Utilizar en lugares abiertos, libres de árboles y cables. Asegurar y fijar la base. Encender la mecha y alejarse rapidamente.",50000,Fuegos Artificiales,,https://chisperio.com.ar/wp-content/uploads/2025/10/pixel-600x750.png,
Torta «San Francisco» 135 Luces,"TORTA 135 TIROS SAN FRANCISCO El precio es por una Torta San Francisco 135 tiros INSTRUCCIONES DE USO: Apoyar en el suelo firme, lejos de personas y/o bienes, mínimo 15 metros. Utilizar en lugares abiertos, libres de árboles y cables. Asegurar y fijar la base. Encender la mecha y alejarse rapidamente.",200000,Fuegos Artificiales,,https://chisperio.com.ar/wp-content/uploads/2025/10/sanfra-600x750.png,
Torta «TopColor» 36 Luces,"TORTA 36 TIROS TOP COLOR El precio es por una Torta 36 Tiros TopColor INSTRUCCIONES DE USO: Apoyar en el suelo firme, lejos de personas y/o bienes, mínimo 15 metros. Utilizar en lugares abiertos, libres de árboles y cables. Asegurar y fijar la base. Encender la mecha y alejarse rapidamente.",72000,Fuegos Artificiales,,https://chisperio.com.ar/wp-content/uploads/2025/10/topcolor-600x750.png,
2 Bases Inalambricas + 1 Control Remoto,"El sistema de detonadores para fuegos artificiales es una herramienta profesional pensada para garantizar máxima seguridad, precisión y comodidad en la ejecución de espectáculos pirotécnicos. Este completo set incluye: 2 Bases Inalambricas (Cada base lleva 2 pilas AA incluidas) 1 Control Remoto (pila a23 incluida) NO INCLUYE Maletín Ideal para eventos masivos, festivales, recitales, shows privados o celebraciones importantes, este sistema permite un control absoluto sobre los fuegos artificiales, reduciendo riesgos y mejorando la presentación final. Su diseño compacto, resistente y fácil de usar lo convierte en una opción indispensable para pirotécnicos, organizadores de eventos y entusiastas que buscan seguridad, eficiencia y espectacularidad en cada lanzamiento.",150000,Maquinaria,Detonador Inalámbrico,https://chisperio.com.ar/wp-content/uploads/2025/10/Diseno-sin-titulo-7-2-600x750.png,
4 Bases Inalambricas + 1 Control Remoto,"El sistema de detonadores para fuegos artificiales es una herramienta profesional pensada para garantizar máxima seguridad, precisión y comodidad en la ejecución de espectáculos pirotécnicos. Este completo set incluye: 4 Bases Inalambricas (Cada base lleva 2 pilas AA incluidas) 1 Control Remoto (pila a23 incluida) NO INCLUYE Maletín Ideal para eventos masivos, festivales, recitales, shows privados o celebraciones importantes, este sistema permite un control absoluto sobre los fuegos artificiales, reduciendo riesgos y mejorando la presentación final. Su diseño compacto, resistente y fácil de usar lo convierte en una opción indispensable para pirotécnicos, organizadores de eventos y entusiastas que buscan seguridad, eficiencia y espectacularidad en cada lanzamiento.",260000,Maquinaria,Detonador Inalámbrico,https://chisperio.com.ar/wp-content/uploads/2025/10/Diseno-sin-titulo-6-2-600x750.png,
AK-47 Black Chispa Fria,"El AK-47 de Chisperío es la fusión perfecta entre diseño innovador y funcionalidad profesional. Con su impactante color negro, esta herramienta no solo garantiza un encendido eléctrico eficaz, sino que también destaca visualmente en cualquier evento o show pirotécnico. Características principales: Porta chispa a rosca desmontable: se enrosca de forma segura para alojar el generador de chispa. Su diseño ventilado permite una mejor disipación. Pulsador ergonómico: activación cómoda y precisa del disparo eléctrico. Bornera de conexión: permite conectar mechas eléctricas compatibles con total seguridad. Tapa inferior desmontable: diseñada para una pila de 9V (incluida), de fácil acceso para su reemplazo. Diseño exclusivo: impresión 3D en dorado o negro con grabado en alto relieve de la marca Chisperío, que garantiza originalidad. Ideal para: Djs Animadores de eventos. Todo tipo de persona, siguiendo las recomendaciones Chispas compatibles: 2mts x 20seg, 3mts x 30seg, 4mts x 30seg, ademas compatible con Bengala de Humo",180000,Maquinaria,Pistola,https://chisperio.com.ar/wp-content/uploads/2026/02/Diseno-sin-titulo-1-600x750.png,
AK-47 Gold Chispa Fria,"La AK-47 de Chisperío es la fusión perfecta entre diseño innovador y funcionalidad profesional. Con sus impactantes colores dorado o negro, esta herramienta no solo garantiza un encendido eléctrico eficaz, sino que también destaca visualmente en cualquier evento o show pirotécnico. Características principales: Porta chispa a rosca desmontable: se enrosca de forma segura para alojar el generador de chispa. Su diseño ventilado permite una mejor disipación. Pulsador ergonómico: activación cómoda y precisa del disparo eléctrico. Bornera de conexión: permite conectar mechas eléctricas compatibles con total seguridad. Tapa inferior desmontable: diseñada para una pila de 9V (incluida), de fácil acceso para su reemplazo. Diseño exclusivo: impresión 3D en dorado o negro con grabado en alto relieve de la marca Chisperío, que garantiza originalidad. Ideal para: Djs Animadores de eventos. Todo tipo de persona, siguiendo las recomendaciones Chispas compatibles: 2mts x 20seg, 3mts x 30seg, 4mts x 30seg, ademas compatible con Bengala de Humo",180000,Maquinaria,Pistola,https://chisperio.com.ar/wp-content/uploads/2026/02/Diseno-sin-titulo-600x750.png,
Baston de Mano Chispas Frias,"Baston de Mano Chisperío es la fusión perfecta entre diseño innovador y funcionalidad profesional. Esta herramienta no solo garantiza un encendido eléctrico eficaz, sino que también destaca visualmente en cualquier evento o show pirotécnico. Características principales: Pulsador ergonómico: activación cómoda y precisa del disparo eléctrico. Bornera de conexión: permite conectar mechas eléctricas compatibles con total seguridad. Tapa Frontal desmontable: diseñada para dos pilas AA (incluidas), de fácil acceso para su reemplazo. Ideal para: Djs Animadores de eventos. Todo tipo de persona, siguiendo las recomendaciones Chispas compatibles: 2mts x 20seg, 3mts x 30seg, 4mts x 30seg",75000,Maquinaria,Baston de Mano,https://chisperio.com.ar/wp-content/uploads/2025/10/Diseno-sin-titulo-6-1-600x750.png,
Direccionador Chispa Fria,"Los Direccionadores de Chispas Frías están diseñados para colocarse en bases inalámbricas y permitir inclinar el equipo, logrando un efecto visual más dinámico y profesional. Son el complemento ideal para quienes buscan darle un toque extra a sus eventos, generando diferentes ángulos de disparo y un encendido más llamativo. Características: Compatibles con bases inalámbricas de chispas frías Permiten inclinar el equipo para variar el ángulo de salida Instalación rápida y sencilla Diseño práctico y resistente Mejora el impacto visual del show Ideal para: Eventos sociales Fiestas de 15 Casamientos Shows en vivo Entradas de salón y momentos especiales Dale un efecto diferente a tus chispas frías y sorprendé con una presentación más impactante.",13500,Maquinaria,Detonador Inalámbrico,https://chisperio.com.ar/wp-content/uploads/2026/02/Diseno-sin-titulo-2-600x750.png,
Maletin 6 Bases Inalambricas + 2 Control Remoto,"El sistema de detonadores para fuegos artificiales es una herramienta profesional pensada para garantizar máxima seguridad, precisión y comodidad en la ejecución de espectáculos pirotécnicos. Este completo set incluye: 6 Bases Inalambricas (Cada base lleva 2 pilas AA incluidas) 2 Controles Remotos (1 Control con un pulsador, 1 Control con 4 pulsadores, Pilas a23 Incluidas) 6 Chispas frias 2mts x 20seg de REGALO Maletín rígido y acolchado que facilita su transporte y protección. Ideal para eventos masivos, festivales, recitales, shows privados o celebraciones importantes, este sistema permite un control absoluto sobre los fuegos artificiales, reduciendo riesgos y mejorando la presentación final. Su diseño compacto, resistente y fácil de usar lo convierte en una opción indispensable para pirotécnicos, organizadores de eventos y entusiastas que buscan seguridad, eficiencia y espectacularidad en cada lanzamiento.",330000,Maquinaria,Detonador Inalámbrico,https://chisperio.com.ar/wp-content/uploads/2025/10/Diseno-sin-titulo-5-1-600x750.png,
Maletin 6 bases inalambricas + 2 controles RECARGABLE,"El sistema de detonadores para fuegos artificiales es una herramienta profesional pensada para garantizar máxima seguridad, precisión y comodidad en la ejecución de espectáculos pirotécnicos. Este completo set incluye: 6 Bases Inalambricas (Cada BASE recargable TIPO C) 2 Controles Remotos (1 Control con un pulsador, 1 Control con 4 pulsadores, Pilas a23 Incluidas) 6 Chispas frias 2mts x 20seg de REGALO Maletín rígido y acolchado que facilita su transporte y protección. Ideal para eventos masivos, festivales, recitales, shows privados o celebraciones importantes, este sistema permite un control absoluto sobre los fuegos artificiales, reduciendo riesgos y mejorando la presentación final. Su diseño compacto, resistente y fácil de usar lo convierte en una opción indispensable para pirotécnicos, organizadores de eventos y entusiastas que buscan seguridad, eficiencia y espectacularidad en cada lanzamiento.",330000,Maquinaria,,https://chisperio.com.ar/wp-content/uploads/2025/11/Diseno-sin-titulo-2-600x750.png,
Maletin/Anvil de Transporte,"Maletin/Anvil de Transporte. Ideales para transporte de insumos/productos para fiestas. MEDIDA: 28,5cm x 25cm",40000,Maquinaria,,https://chisperio.com.ar/wp-content/uploads/2025/10/Diseno-sin-titulo-12-600x750.png,
Maquina Lanza Llamas,"Descripción de la Máquina Lanza Llamas Escénica Diseño y Estructura: Cuerpo metálico rectangular, vertical y robusto, generalmente fabricado en acero para soportar altas temperaturas. Color negro mate, típico en equipos escénicos para evitar reflejos de luz no deseados. Parte superior equipada con una boquilla de expulsión por donde se lanza la llama. Componentes Visibles: Entradas de energía y conectores de control DMX, que permiten integrarla con sistemas de iluminación y efectos en shows profesionales. Interruptores de encendido/apagado y luces indicadoras de estado. Rejilla de ventilación para evitar sobrecalentamientos. Etiqueta de advertencia de alta temperatura y voltaje, indicando que es un equipo que debe manejarse con precaución. Conector de corriente estándar tipo IEC, lo que facilita su conexión en entornos profesionales. Funcionamiento General: Utiliza gas licuado inflamable almacenado en tanques conectados externamente. Mediante pulsos eléctricos controlados, se libera el gas y se enciende creando columnas de fuego controladas de hasta varios metros de altura. El sistema DMX permite sincronizar los lanzamientos con música o efectos de iluminación. Usos Comunes: Espectáculos musicales y festivales. Eventos deportivos o presentaciones escénicas. Shows de pirotecnia en interiores o exteriores",480000,Maquinaria,Lanzallama,https://chisperio.com.ar/wp-content/uploads/2025/10/Diseno-sin-titulo-11-600x750.png,
Modulo Inalambrico Mecha,"Modulos Disparo Inalambrico para Mecha Apto para encender potes de humo, bengalas, fuegos artificiales, o cualquier elemento con mecha. Contenido del kit 4 módulos de disparo (A, B, C, D). 1 control remoto con 4 botones. 1 caja protectora. Preparación del efecto Insertá la mecha del efecto en el orificio del módulo (abre como un broche). Asegurá que quede firme (debe quedar apretado) y que no haya contacto con partes metálicas o humedad. Encendido del sistema Encendé los módulos. Desde el control remoto, presioná el botón del canal deseado (A, B, C o D). El módulo encenderá la mecha y disparará el efecto. Distancia de seguridad Alejate mínimo 10 a 20 metros antes de accionar. Evitá obstáculos visuales o personas entre vos y los módulos. ATENCIÓN Apaga el modulo cuando no lo uses. Carga los módulos cada 10 días o cada 30 disparos. No colocar durabilidad indeterminada (2 a 10 disparos), recomendamos luego de cada uso limpiar restos de pólvora para aumentar su durabilidad.",135000,Maquinaria,,https://chisperio.com.ar/wp-content/uploads/2026/02/Diseno-sin-titulo-3-600x750.png,
Pistola «Black» de Chispas Frias,"La Pistola Black de Chisperío es la fusión perfecta entre diseño innovador y funcionalidad profesional. Con su impactante color negro, esta herramienta no solo garantiza un encendido eléctrico eficaz, sino que también destaca visualmente en cualquier evento o show pirotécnico. Características principales: Porta chispa a rosca desmontable: se enrosca de forma segura para alojar el generador de chispa. Su diseño ventilado permite una mejor disipación. Pulsador ergonómico: activación cómoda y precisa del disparo eléctrico. Bornera de conexión: permite conectar mechas eléctricas compatibles con total seguridad. Tapa inferior desmontable: diseñada para una pila de 9V (incluida), de fácil acceso para su reemplazo. Diseño bicolor exclusivo: impresión 3D en negro con grabado en alto relieve de la marca Chisperío, que garantiza originalidad. Ideal para: Djs Animadores de eventos. Todo tipo de persona, siguiendo las recomendaciones Chispas compatibles: 2mts x 20seg, 3mts x 30seg, 4mts x 30seg, ademas compatible con Bengala de Humo",90000,Maquinaria,Pistola,https://chisperio.com.ar/wp-content/uploads/2025/10/Diseno-sin-titulo-2-2-600x750.png,
Pistola «Dual» Chispas Frias,"La Pistola Dual de Chisperío es la fusión perfecta entre diseño innovador y funcionalidad profesional. Con su impactante combinación de colores dorado y negro, esta herramienta no solo garantiza un encendido eléctrico eficaz, sino que también destaca visualmente en cualquier evento o show pirotécnico. Características principales: Porta chispa a rosca desmontable: se enrosca de forma segura para alojar el generador de chispa. Su diseño ventilado permite una mejor disipación. Pulsador ergonómico: activación cómoda y precisa del disparo eléctrico. Bornera de conexión: permite conectar mechas eléctricas compatibles con total seguridad. Tapa inferior desmontable: diseñada para una pila de 9V (incluida), de fácil acceso para su reemplazo. Diseño bicolor exclusivo: impresión 3D en dorado y negro con grabado en alto relieve de la marca Chisperío, que garantiza originalidad. Ideal para: Djs Animadores de eventos. Todo tipo de persona, siguiendo las recomendaciones Chispas compatibles: 2mts x 20seg, 3mts x 30seg, 4mts x 30seg, ademas compatible con Bengala de Humo",90000,Maquinaria,Pistola,https://chisperio.com.ar/wp-content/uploads/2025/09/Diseno-sin-titulo-3-600x750.png,
Pistola «Golden» Chispas Frias,"La Pistola Golden de Chisperío es la fusión perfecta entre diseño innovador y funcionalidad profesional. Con su impactante color dorado, esta herramienta no solo garantiza un encendido eléctrico eficaz, sino que también destaca visualmente en cualquier evento o show pirotécnico. Características principales: Porta chispa a rosca desmontable: se enrosca de forma segura para alojar el generador de chispa. Su diseño ventilado permite una mejor disipación. Pulsador ergonómico: activación cómoda y precisa del disparo eléctrico. Bornera de conexión: permite conectar mechas eléctricas compatibles con total seguridad. Tapa inferior desmontable: diseñada para una pila de 9V (incluida), de fácil acceso para su reemplazo. Diseño exclusivo: impresión 3D en dorado con grabado en alto relieve de la marca Chisperío, que garantiza originalidad. Ideal para: Djs Animadores de eventos. Todo tipo de persona, siguiendo las recomendaciones Chispas compatibles: 2mts x 20seg, 3mts x 30seg, 4mts x 30seg, ademas compatible con Bengala de Humo",90000,Maquinaria,Pistola,https://chisperio.com.ar/wp-content/uploads/2025/09/Diseno-sin-titulo-5-600x750.png,
Pistola «Pink» Chispas Frias,"La Pistola Rosa de Chisperío es la fusión perfecta entre diseño innovador y funcionalidad profesional. Con su impactante combinación de rosa, esta herramienta no solo garantiza un encendido eléctrico eficaz, sino que también destaca visualmente en cualquier evento o show pirotécnico. Características principales: Porta chispa a rosca desmontable: se enrosca de forma segura para alojar el generador de chispa. Su diseño ventilado permite una mejor disipación. Pulsador ergonómico: activación cómoda y precisa del disparo eléctrico. Bornera de conexión: permite conectar mechas eléctricas compatibles con total seguridad. Tapa inferior desmontable: diseñada para una pila de 9V (incluida), de fácil acceso para su reemplazo. Diseño bicolor exclusivo: impresión 3D en dorado y negro con grabado en alto relieve de la marca Chisperío, que garantiza originalidad. Ideal para: Djs Animadores de eventos. Todo tipo de persona, siguiendo las recomendaciones Chispas compatibles: 2mts x 20seg, 3mts x 30seg, 4mts x 30seg, ademas compatible con Bengala de Humo",90000,Maquinaria,Pistola,https://chisperio.com.ar/wp-content/uploads/2025/10/Diseno-sin-titulo-4-1-600x750.png,
Bengala de Humo,"Bengala de Humo Duración Aproximadamente 60 segundos de emisión de humo Colores disponibles Amarillo Azul Blanco Celeste Naranja Negro Rojo Rosa Verde Violeta Recomendaciones de uso Uso exclusivo en exteriores y espacios abiertos Mantener distancia de personas, animales y materiales inflamables Instrucciones de uso Descubrí la mecha y encendela sosteniendo la bengala con el brazo estirado, inclinada a 45° y siempre a favor del viento. También podés colocarla en el suelo, asegurándote de fijarla correctamente antes de encenderla. Importante: No encender ni sostener la bengala de forma vertical sobre uno mismo u otras personas. Mantener siempre la inclinación recomendada para evitar que residuos de la combustión caigan sobre alguien.",4480,Humo,Bengala,https://chisperio.com.ar/wp-content/uploads/2025/10/Diseno-sin-titulo-7-600x750.png,
Pote de Humo,"POTE DE HUMO El precio es por 1 unidad de Pote de Humo Excelente calidad. No tóxico. Uso exterior. Diversión 100% asegurada! Ideal para fiestas, cumpleaños, 15 años, book de fotos, recibidas, UPD, egresados, casamientos, despedidas, bodas, graduación, baby shower, cancha, eventos deportivos, etc. DURACION: 40 segundos aprox. PESO: 160gr aprox. ENCENDIDO: Encender la mecha y alejarse. COLORES: Amarillo Azul Blanco Celeste Naranja Negro Rojo Verde",7100,Humo,Pote,https://chisperio.com.ar/wp-content/uploads/2025/10/Diseno-sin-titulo-1-1-600x750.png,
Torta «Humo» 25 Tiros,"TORTA SMOKING 25 TIROS El precio es por 1 unidad de Torta smoking 25 Tiros Excelente calidad. Ideal para eventos deportivos, festejos, shows, revelación de sexo. Dispara 1 Columna de Humo de 25 tiros. Uso externo únicamente. PRESENTACIÓN: 1 unidad. EFECTO: Dispara 1 columna de humo COLORES: Amarillo Azul Blanco Negro Rojo Rosa Verde INSTRUCCIONES DE USO: Apoyar en el suelo firme, lejos de personas y/o bienes, mínimo 15 metros. Utilizar en lugares abiertos, libres de árboles y cables. Asegurar y fijar la base (colocar objetos pesados alrededor para evitar la inclinación). Encender la mecha y alejarse",100000,Humo,Torta,https://chisperio.com.ar/wp-content/uploads/2025/10/Diseno-sin-titulo-1-600x750.png,
Torta de Humo «POMPEYA» 36 Tiros Abanico,"TORTA DE HUMO 36 TIROS ABANICO El precio es por 1 unidad de Torta de Humo 36 Tiros Abanico Excelente calidad. Ideal para eventos deportivos, festejos, shows, revelación de sexo. Dispara 1 columna de 36 tiros abanicados Uso externo únicamente. PRESENTACIÓN: 1 unidad. EFECTO: Dispara 1 columna de 36 tiros abanicados COLORES: Amarillo Azul Blanco Rojo INSTRUCCIONES DE USO: Apoyar en el suelo firme, lejos de personas y/o bienes, mínimo 30 metros. Utilizar en lugares abiertos, libres de árboles y cables. Asegurar y fijar la base (colocar objetos pesados alrededor para evitar la inclinación). Encender la mecha y alejarse",210000,Humo,Torta,https://chisperio.com.ar/wp-content/uploads/2025/10/Diseno-sin-titulo-2-600x750.png,
Vela Bengala Blanca,VELA BENGALA DE TORTA BLANCA – PACK x4 UNID El pack contiene 4 unidades en color blanco Uso interior y exterior. PRESENTACIÓN: 1 pack x4 unid. MEDIDA: 13 cm de largo. EFECTO: Emite luz y chispas con escasa emisión de humo y/o sedimentos.,2910,Humo,Bengala,https://chisperio.com.ar/wp-content/uploads/2025/10/Diseno-sin-titulo-4-3-600x750.png,
Vela Bengala Holografica,"VELA BENGALA DE TORTA HOLOGRAFICA – PACK x4 UNID El pack contiene 4 unidades en colores surtidos: dorado, azul, plateado y rojo. Uso interior y exterior. PRESENTACIÓN: 1 pack x4 unid. MEDIDA: 13 cm de largo. EFECTO: Emite luz y chispas con escasa emisión de humo y/o sedimentos.",2910,Humo,Bengala,https://chisperio.com.ar/wp-content/uploads/2025/10/Diseno-sin-titulo-3-2-600x750.png,
Vela Bengala Llama Azul,VELA BENGALA DE TORTA AZUL – PACK x4 UNID El pack contiene 4 unidades en color Azul Uso interior y exterior. PRESENTACIÓN: 1 pack x4 unid. MEDIDA: 13 cm de largo. EFECTO: Emite luz y chispas con escasa emisión de humo y/o sedimentos.,3100,Humo,Bengala,https://chisperio.com.ar/wp-content/uploads/2025/10/Diseno-sin-titulo-5-2-600x750.png,
Vela Bengala Llama Rosa,VELA BENGALA DE TORTA ROSA – PACK x4 UNID El pack contiene 4 unidades en color rosa Uso interior y exterior. PRESENTACIÓN: 1 pack x4 unid. MEDIDA: 13 cm de largo. EFECTO: Emite luz y chispas con escasa emisión de humo y/o sedimentos.,3100,Humo,Bengala,https://chisperio.com.ar/wp-content/uploads/2025/10/Diseno-sin-titulo-6-3-600x750.png,
Abejita Bolsa x 5 unidades,"Abejitas Pirotécnicas x 5 unidades Presentación Bolsa con 5 abejitas pirotécnicas Uso recreativo Efecto giratorio con chispas y luz Precauciones de uso Utilizar siempre bajo la supervisión de un adulto Encender en exteriores o en espacios amplios y ventilados Colocar el producto sobre una superficie plana y resistente Mantener alejados a niños, mascotas y materiales inflamables No sostener en la mano una vez encendida No intentar modificar ni reutilizar el producto",3900,Pirotecnia,,https://chisperio.com.ar/wp-content/uploads/2025/10/a-600x750.png,
Chasquiboom Tuby x20 Estallos,ESTALLOS TUBY – CAJA x20 UNID. El precio es por 1 cajita de 20 unidades de Estallos Tuby.,672,Pirotecnia,,https://chisperio.com.ar/wp-content/uploads/2025/10/Diseno-sin-titulo-1-6-600x750.png,
Estrellitas,"ESTRELLITAS – 50 UNIDADES (10 Sobres X 5unid) El precio es por 1 Caja de 50 Unidades de Estrellitas 16cm Excelente calidad. Ideales para fiestas, casamientos, aniversarios, fin de año, navidad, eventos, etc. PRESENTACIÓN: 10 sobres de 5 unidades cada sobre, dando un total de 50 unidades. DURACIÓN: 30 segundos aprox. LARGO: 16cm.",3960,Pirotecnia,,https://chisperio.com.ar/wp-content/uploads/2025/10/Diseno-sin-titulo-7-1-600x750.png,
Fosforitos Pack 50 Cajitas x5 unidades,FOSFORITO – DISPLAY 50 CAJITAS x5UNID El precio es por 1 display de 50 cajitas x 5 unidades de fosforitos cada cajita. Cajita individual x5 unidades: 600$ EFECTO: Estruendo leve INSTRUCCIONES DE USO: Friccionar el fosforito sobre el raspador de la cajita y luego arrojarlo rapidamente y alejarse. ADVERTENCIA: Utilizar unicamente bajo supervisión de adultos.,11200,Pirotecnia,,https://chisperio.com.ar/wp-content/uploads/2025/10/Diseno-sin-titulo-9-600x750.png,
1kg Papel Confeti Blanco,"Papel Confeti Blanco para Máquina Lanzapapel Está especialmente diseñado para su uso en máquinas lanzapapel, asegurando un disparo fluido y una excelente dispersión en el aire. Características del producto Color: Blanco Medida del papel: 2 x 4 cm Presentación: Bolsa de 1 kg Compatible con máquinas lanzapapel",16000,Velas,Sparkle,https://chisperio.com.ar/wp-content/uploads/2025/10/Diseno-sin-titulo-1-5-600x750.png,
1kg Papel Metalizado Confeti,"Papel Confeti Metalizado para Máquina Lanzapapel Está especialmente diseñado para su uso en máquinas lanzapapel, asegurando un disparo fluido y una excelente dispersión en el aire. Características del producto Color: Metalizado Medida del papel: 2 x 4 cm Presentación: Bolsa de 1 kg Compatible con máquinas lanzapapel",36000,Velas,Sparkle,https://chisperio.com.ar/wp-content/uploads/2025/10/Diseno-sin-titulo-2-5-600x750.png,
Bengala «Bengacolor» de Mano,"BENGALITA DE LUCES – 1 CAJITA x4 UNID El precio es por 1 cajita de Bengalita de Luces. La cajita contiene 4 unidades. Excelente calidad. Diversión 100% asegurada! Ideal para cancha, eventos deportivos, festejos, book de fotos, Navidad, Año Nuevo, etc. Uso exclusivo al aire libre, en espacios amplios. Alejado de otras personas, animales y elementos combustibles DURACIÓN: 40 segundos aprox. LARGO: 16cm EFECTO: Cada bengalita al encenderse cambia de colores: rojo, verde y amarillo. INSTRUCCIONES DE USO: Encender por el extremo con pasta (es el de color negro), manteniendo la llama del fuego sobre la punta de la bengala hasta que se encienda",2800,Velas,Bengalas,https://chisperio.com.ar/wp-content/uploads/2025/10/Diseno-sin-titulo-8-600x750.png,
Bengala Strobo,"BENGALITA ESTROBOSCOPICA STROBO – 1 CAJA x 4 UNID El precio es por 1 caja de 4 unidades de Bengala Estroboscopica Excelente calidad. Ideal para cancha, eventos deportivos, festejos, book de fotos, etc. Uso exclusivo al aire libre, en espacios amplios. Alejado de otras personas, animales y elementos combustibles. LARGO: 17cm DURACION: 40 segundos aprox. EFECTO: Flash Intermitente",2912,Velas,Bengalas,https://chisperio.com.ar/wp-content/uploads/2025/10/Diseno-sin-titulo-1-2-600x750.png,
Candelita 10 Luces + Cracker,"CANDELA 10 LUCES – El precio es por 1 unidad. TIROS: 10 luces. MEDIDA: 26cm EFECTO: despide secuencialmente pequeñas luces de colores. INSTRUCCIONES DE USO: Colocar el mango del producto sobre un soporte, enterrarlo o sujetarlo con la mano de manera firme. Encender la mecha y no apuntar a las personas. Uso en lugares abiertos, exterior. Utilizar unicamente bajo supervisión de adultos.",1460,Velas,Sparkle,https://chisperio.com.ar/wp-content/uploads/2025/10/Diseno-sin-titulo-2-3-600x750.png,
Candelita 15 Luces + Cracker,"CANDELA 15 LUCES – El precio es por 1 unidad. TIROS: 15 luces. MEDIDA: 26cm EFECTO: despide secuencialmente pequeñas luces de colores. INSTRUCCIONES DE USO: Colocar el mango del producto sobre un soporte, enterrarlo o sujetarlo con la mano de manera firme. Encender la mecha y no apuntar a las personas. Uso en lugares abiertos, exterior. Utilizar unicamente bajo supervisión de adultos.",1680,Velas,Bengalas,https://chisperio.com.ar/wp-content/uploads/2025/10/15-luces-600x750.png,
Candelita 30 Luces + Cracker,"CANDELA 30 LUCES – El precio es por 1 unidad. TIROS: 30 luces. MEDIDA: 26cm EFECTO: despide secuencialmente pequeñas luces de colores. INSTRUCCIONES DE USO: Colocar el mango del producto sobre un soporte, enterrarlo o sujetarlo con la mano de manera firme. Encender la mecha y no apuntar a las personas. Uso en lugares abiertos, exterior. Utilizar unicamente bajo supervisión de adultos.",2460,Velas,Sparkle,https://chisperio.com.ar/wp-content/uploads/2025/10/30perla-600x750.png,
Lanzapapeles Cañon Corazones,"LANZA PAPELES 40CM Funciona sin pólvora. Mortero grande de 40cm MEDIDA: 40cm. MODELO: Corazones Rojos. ¿CÓMO FUNCIONA?: Para accionar el mortero, debés girar la parte de abajo de la línea troquelada, en el sentido de las flechas.",4480,Velas,Sparkle,https://chisperio.com.ar/wp-content/uploads/2025/10/Diseno-sin-titulo-1-3-600x750.png,
Lanzapapeles Cañon Petalos,"LANZA PETALOS 40CM Funciona sin pólvora. Mortero grande de 40cm MEDIDA: 40cm. MODELO: Petalos. ¿CÓMO FUNCIONA?: Para accionar el mortero, debés girar la parte de abajo de la línea troquelada, en el sentido de las flechas.",4480,Velas,Sparkle,https://chisperio.com.ar/wp-content/uploads/2025/10/Diseno-sin-titulo-10-600x750.png,
Lanzapapeles Cañon Plateado,"LANZA PAPELES 40CM Funciona sin pólvora. Mortero grande de 40cm MEDIDA: 40cm. MODELO: Papel Metalizado ¿CÓMO FUNCIONA?: Para accionar el mortero, debés girar la parte de abajo de la línea troquelada, en el sentido de las flechas.",4700,Velas,Sparkle,https://chisperio.com.ar/wp-content/uploads/2025/10/Diseno-sin-titulo-1-4-600x750.png,
Torta «Galaxy» 65 Luces,Torta de 65 tiros Galaxy: Potente efecto de explosiones brillantes y coloridas que llenan el cielo. Se enciende con fuego en la mecha. Uso exclusivo para adultos — no debe ser manipulada por menores de edad.,140000,Velas,,https://chisperio.com.ar/wp-content/uploads/2025/10/galaxy-600x750.png,
Torta «La Fond´Oro» 65 Luces,Torta de 65 tiros Fond´Oro: Potente efecto de explosiones brillantes y coloridas que llenan el cielo. Se enciende con fuego en la mecha. Uso exclusivo para adultos — no debe ser manipulada por menores de edad.,140000,Velas,,https://chisperio.com.ar/wp-content/uploads/2025/10/fondoro-600x750.png,
Torta «Magma» 25 Luces,"TORTA 25 TIROS MAGMA El precio es por una Torta 25 Luces Magma (Bajo impacto Sonoro) Ideales para fiestas y/o festejos de bajo impacto sonoro. INSTRUCCIONES DE USO: Apoyar en el suelo firme, lejos de personas y/o bienes, mínimo 30 metros. Utilizar en lugares abiertos, libres de árboles y cables. Asegurar y fijar la base (colocar objetos pesados alrededor para evitar la inclinación). Encender la mecha y alejarse rapidamente.",53000,Velas,,https://chisperio.com.ar/wp-content/uploads/2025/10/magma-pet-600x750.png,
Vela Bengala Blanca,VELA BENGALA DE TORTA BLANCA – PACK x4 UNID El pack contiene 4 unidades en color blanco Uso interior y exterior. PRESENTACIÓN: 1 pack x4 unid. MEDIDA: 13 cm de largo. EFECTO: Emite luz y chispas con escasa emisión de humo y/o sedimentos.,2910,Velas,Bengalas,https://chisperio.com.ar/wp-content/uploads/2025/10/Diseno-sin-titulo-4-3-600x750.png,
Vela Bengala Holografica,"VELA BENGALA DE TORTA HOLOGRAFICA – PACK x4 UNID El pack contiene 4 unidades en colores surtidos: dorado, azul, plateado y rojo. Uso interior y exterior. PRESENTACIÓN: 1 pack x4 unid. MEDIDA: 13 cm de largo. EFECTO: Emite luz y chispas con escasa emisión de humo y/o sedimentos.",2910,Velas,Bengalas,https://chisperio.com.ar/wp-content/uploads/2025/10/Diseno-sin-titulo-3-2-600x750.png,
Vela Bengala Llama Azul,VELA BENGALA DE TORTA AZUL – PACK x4 UNID El pack contiene 4 unidades en color Azul Uso interior y exterior. PRESENTACIÓN: 1 pack x4 unid. MEDIDA: 13 cm de largo. EFECTO: Emite luz y chispas con escasa emisión de humo y/o sedimentos.,3100,Velas,Bengalas,https://chisperio.com.ar/wp-content/uploads/2025/10/Diseno-sin-titulo-5-2-600x750.png,
Aerosol Lanzallama,Repuesto para Maquina Lanza Llamas Fuego Color Amarillo Original Alta Presión 450ml Rinde 70 disparos de 1 seg aprox o 50 de 2 seg aprox. Alcance 3 mts aprox.,9500,Producto,,https://chisperio.com.ar/wp-content/uploads/2025/11/Diseno-sin-titulo-1-600x750.png,
Aerosol Rosa Lanzallama,Repuesto para Maquina Lanza Llamas Fuego Color Rosa Original Alta Presión 450ml Rinde 70 disparos de 1 seg aprox o 50 de 2 seg aprox. Alcance 3 mts aprox.,9500,Producto,,https://chisperio.com.ar/wp-content/uploads/2025/11/Diseno-sin-titulo-600x750.png,
Bases Chicas/Grandes,"Esta base para Chispas frias está fabricada en MDF de alta resistencia, diseñada para brindar estabilidad y seguridad durante el montaje y encendido de piezas pirotécnicas. Su estructura cuenta con orificios circulares reforzados, ideales para sostener caños o tubos de lanzamiento de distintos calibres, asegurando un soporte firme y preciso. Gracias a su diseño compacto, plano y resistente, esta base es perfecta tanto para uso profesional como recreativo, permitiendo organizar y direccionar los efectos de forma controlada. Su superficie robusta evita desplazamientos o inclinaciones durante el disparo, ofreciendo una experiencia pirotécnica más segura, ordenada y eficiente.",2240,Producto,,https://chisperio.com.ar/wp-content/uploads/2025/10/base-600x750.png,
Papel Confeti Celeste 1kg,"Papel Confeti Celeste para Máquina Lanzapapel Está especialmente diseñado para su uso en máquinas lanzapapel, asegurando un disparo fluido y una excelente dispersión en el aire. Características del producto Color: Celeste Medida del papel: 2 x 4 cm Presentación: Bolsa de 1 kg Compatible con máquinas lanzapapel",16000,Producto,,https://chisperio.com.ar/wp-content/uploads/2025/12/Diseno-sin-titulo-600x750.png,